"c_customer_id","c_salutation","c_first_name","c_last_name","c_preferred_cust_flag","c_birth_day","c_birth_month","c_birth_year","c_birth_country","c_login","c_email_address"
"AAAAAAAAAAAIBAAA","Mr.       ","Eduardo             ","Goodwin                       ","Y",24,11,1950,"GHANA",NULL,"Eduardo.Goodwin@rolemn2xusv5Ot0.edu               "
"AAAAAAAAABHAAAAA","Sir       ","Robert              ","Thornton                      ","Y",24,5,1924,"HONG KONG",NULL,"Robert.Thornton@jas.edu                           "
"AAAAAAAAABPNAAAA","Mr.       ","Alonzo              ","Huddleston                    ","Y",19,4,1957,"FAROE ISLANDS",NULL,"Alonzo.Huddleston@g.edu                           "
"AAAAAAAAAFCGBAAA","Ms.       ","Pamela              ","Slater                        ","Y",2,6,1931,"GAMBIA",NULL,"Pamela.Slater@ajU1sMrf5vC7.com                    "
"AAAAAAAAAFLBAAAA","Sir       ","Keith               ","Stern                         ","N",18,2,1925,"ICELAND",NULL,"Keith.Stern@34Hb991eohmd.com                      "
"AAAAAAAAAFLBAAAA","Sir       ","Keith               ","Stern                         ","N",18,2,1925,"ICELAND",NULL,"Keith.Stern@34Hb991eohmd.com                      "
"AAAAAAAAAFOEBAAA","Dr.       ","Trevor              ","Battle                        ","N",12,8,1953,"THAILAND",NULL,"Trevor.Battle@0F.com                              "
"AAAAAAAAAIKEAAAA","Dr.       ","Joseph              ","Miller                        ","N",17,12,1930,"MONACO",NULL,"Joseph.Miller@Ampmde.edu                          "
"AAAAAAAAAJMABAAA","Miss      ","Brenda              ","Sloan                         ","Y",23,3,1982,"MALAYSIA",NULL,"Brenda.Sloan@csCoX.edu                            "
"AAAAAAAAAKDNAAAA",NULL,NULL,NULL,NULL,NULL,12,NULL,NULL,NULL,NULL
"AAAAAAAAANCLAAAA","Mr.       ","Raymond             ","Dixon                         ","N",31,12,1977,"MONTENEGRO",NULL,"Raymond.Dixon@07IH.edu                            "
"AAAAAAAAANNNAAAA","Ms.       ","Cindy               ","Julian                        ","Y",4,8,1982,"UGANDA",NULL,"Cindy.Julian@ChEB5eyUCBe.org                      "
"AAAAAAAAAPKJAAAA","Ms.       ","Elizabeth           ","Pepper                        ","Y",28,12,1930,"NICARAGUA",NULL,"Elizabeth.Pepper@xlygC22.org                      "
"AAAAAAAABAKCBAAA","Miss      ","Denise              ","Brock                         ","Y",10,4,1958,"JAMAICA",NULL,"Denise.Brock@7ffTBTNaX7is.com                     "
"AAAAAAAABBMDAAAA","Dr.       ","Walter              ","Bernard                       ","Y",2,10,1948,"BELARUS",NULL,"Walter.Bernard@Th.org                             "
"AAAAAAAABIBBBAAA","Miss      ","Lorene              ","Mayfield                      ","N",17,12,1947,"ALBANIA",NULL,"Lorene.Mayfield@ECni6UFkF2.edu                    "
"AAAAAAAABIIDAAAA","Mr.       ","Paul                ","Stevenson                     ","N",26,2,1953,"BARBADOS",NULL,"Paul.Stevenson@tHMZG9.com                         "
"AAAAAAAABMJAAAAA","Dr.       ","Marion              ","Mclain                        ","N",16,2,1931,"ANGUILLA",NULL,"Marion.Mclain@PKik2BMH.com                        "
"AAAAAAAABNFHBAAA","Mr.       ","Kristofer           ","Payne                         ","N",12,5,1945,"SYRIAN ARAB REPUBLIC",NULL,"Kristofer.Payne@nc70sAM.com                       "
"AAAAAAAABOLLAAAA","Miss      ","Lisa                ","Way                           ","N",11,1,1941,"LEBANON",NULL,"Lisa.Way@nnVbE2MvTT.com                           "
"AAAAAAAABPHKAAAA","Dr.       ","Gabriela            ","Jerome                        ","Y",9,7,1969,"IRAQ",NULL,"Gabriela.Jerome@Hay.com                           "
"AAAAAAAACBAFAAAA","Dr.       ","Timothy             ","Carroll                       ","Y",14,8,1957,"UGANDA",NULL,"Timothy.Carroll@pUcgCvxC4nkcM.edu                 "
"AAAAAAAACBPMAAAA","Ms.       ","Shana               ","Fulton                        ","N",10,2,1955,"RWANDA",NULL,"Shana.Fulton@2CAVqR7d.org                         "
"AAAAAAAACCFCBAAA","Mr.       ","Mark                ","Pacheco                       ","N",9,3,1956,"YEMEN",NULL,"Mark.Pacheco@NMMki.edu                            "
"AAAAAAAACCMEAAAA","Dr.       ","Adriane             ","Harmon                        ","N",1,10,1964,"ARGENTINA",NULL,"Adriane.Harmon@X0nMJZPDL.com                      "
"AAAAAAAACCNJAAAA","Dr.       ","Elizabeth           ","Gilbreath                     ","Y",17,1,1985,"KIRIBATI",NULL,"Elizabeth.Gilbreath@4LxlO8fArnEeEavQe.com         "
"AAAAAAAACDDNAAAA","Ms.       ","Holly               ","Kim                           ","N",15,6,1941,"ICELAND",NULL,"Holly.Kim@OkTfC7tRYgy4.edu                        "
"AAAAAAAACGILAAAA","Sir       ","Nolan               ","Mosley                        ","N",20,3,1980,"KENYA",NULL,"Nolan.Mosley@5E.org                               "
"AAAAAAAACHFHBAAA","Mr.       ","Dallas              ","Courtney                      ","Y",21,5,1928,"CÃ”TE D'IVOIRE",NULL,"Dallas.Courtney@c7.org                            "
"AAAAAAAACKOFAAAA","Dr.       ","Eric                ","Bucher                        ","Y",19,9,1979,"ALBANIA",NULL,"Eric.Bucher@sxSne.org                             "
"AAAAAAAACMHNAAAA","Miss      ","Lisa                ","Dukes                         ","Y",4,3,1964,"SOLOMON ISLANDS",NULL,"Lisa.Dukes@tuRJRXkQm.com                          "
"AAAAAAAACNGBAAAA","Mr.       ","Michael             ","Haley                         ","Y",10,5,1933,"SWAZILAND",NULL,"Michael.Haley@OfAOvhrm.com                        "
"AAAAAAAACOFAAAAA","Ms.       ","Tammy               ","Searcy                        ","N",6,5,1989,"SURINAME",NULL,"Tammy.Searcy@6ZFFGtIuCqT.com                      "
"AAAAAAAADBBHAAAA","Dr.       ","Charles             ","Fernandez                     ","N",8,12,1992,"CAMBODIA",NULL,"Charles.Fernandez@MVhjrzVNVY.com                  "
"AAAAAAAADFCBBAAA","Dr.       ","Micheal             ","Collier                       ","N",1,9,1934,"HONDURAS",NULL,"Micheal.Collier@NztJvzb.org                       "
"AAAAAAAADIHHAAAA","Miss      ","Vikki               ","Garza                         ","Y",29,8,1950,"NAMIBIA",NULL,"Vikki.Garza@v.edu                                 "
"AAAAAAAADJAPAAAA","Ms.       ","Angel               ","Dodd                          ","Y",22,12,1950,"TIMOR-LESTE",NULL,"Angel.Dodd@gQOLRKqU285BfTIT.edu                   "
"AAAAAAAADKEFAAAA","Ms.       ","Martha              ","Dillon                        ","N",9,12,1971,"VANUATU",NULL,"Martha.Dillon@iKkeDtKERbu.org                     "
"AAAAAAAADKIFAAAA","Sir       ","Walter              ","Stout                         ","Y",18,1,1970,"BURUNDI",NULL,"Walter.Stout@Q961tU4iePsOy.org                    "
"AAAAAAAADLHNAAAA","Mr.       ","Joseph              ","Mckinney                      ","Y",23,3,1940,"ARMENIA",NULL,"Joseph.Mckinney@4YYp7B8ccPz.edu                   "
"AAAAAAAADMMDBAAA","Mr.       ","Darrell             ","Padgett                       ","Y",17,3,1992,"HONDURAS",NULL,"Darrell.Padgett@IrqARXX.org                       "
"AAAAAAAADNHPAAAA","Mr.       ","John                ","Mathews                       ","N",23,2,1925,"NICARAGUA",NULL,"John.Mathews@UOtpEd.edu                           "
"AAAAAAAADOCMAAAA","Dr.       ","Yvonne              ","Poirier                       ","Y",30,1,1950,"ESTONIA",NULL,"Yvonne.Poirier@l.org                              "
"AAAAAAAADODBAAAA","Mrs.      ","Elizabeth           ","Spalding                      ","N",27,11,1947,"KAZAKHSTAN",NULL,"Elizabeth.Spalding@ihnjlmxMbs.edu                 "
"AAAAAAAAEBAOAAAA","Miss      ","Amy                 ","Causey                        ","N",21,9,1951,"COMOROS",NULL,"Amy.Causey@7EvHzf02opq6QlO.com                    "
"AAAAAAAAEBLEAAAA","Mr.       ","Leroy               ","Couture                       ","N",7,5,1938,"SWITZERLAND",NULL,"Leroy.Couture@vqrL.com                            "
"AAAAAAAAEEADAAAA","Mr.       ","Robert              ","Donohue                       ","Y",21,8,1938,"SWAZILAND",NULL,"Robert.Donohue@U2xz7.org                          "
"AAAAAAAAEHAABAAA","Dr.       ","Victoria            ","Morgan                        ","Y",31,5,1960,"JERSEY",NULL,"Victoria.Morgan@Sk3jzrDZTq.org                    "
"AAAAAAAAEHGOAAAA","Miss      ","Jillian             ","Nelson                        ","Y",27,7,1978,"TURKMENISTAN",NULL,"Jillian.Nelson@ph0qObqh3fbv.com                   "
"AAAAAAAAEHPNAAAA","Dr.       ","Rachael             ","King                          ","Y",28,11,1927,"PANAMA",NULL,"Rachael.King@t8dA2klrEIBiCd.edu                   "
"AAAAAAAAEIDHAAAA","Sir       ","George              ","Garcia                        ","Y",21,4,1960,"CROATIA",NULL,"George.Garcia@uzGHyYUnvs.edu                      "
"AAAAAAAAEIDHAAAA","Sir       ","George              ","Garcia                        ","Y",21,4,1960,"CROATIA",NULL,"George.Garcia@uzGHyYUnvs.edu                      "
"AAAAAAAAEIOBBAAA","Mr.       ","Gary                ","Davis                         ","N",9,6,1992,"KYRGYZSTAN",NULL,"Gary.Davis@GTXc2AbKvkM.edu                        "
"AAAAAAAAEJFNAAAA","Dr.       ","Chad                ","Baldwin                       ","Y",11,11,1937,"BULGARIA",NULL,"Chad.Baldwin@cN988.org                            "
"AAAAAAAAEJOPAAAA","Dr.       ","Alexandra           ","Henderson                     ","N",4,2,1986,"MONTENEGRO",NULL,"Alexandra.Henderson@4FCXABbkVkrLK.com             "
"AAAAAAAAELEBAAAA","Mrs.      ","Dianne              ","Ross                          ","Y",19,7,1949,"ICELAND",NULL,"Dianne.Ross@D4VH75e9n.org                         "
"AAAAAAAAEMDIBAAA","Sir       ","Scott               ","Obrien                        ","Y",3,8,1926,"JERSEY",NULL,"Scott.Obrien@a84VTAJCTB.com                       "
"AAAAAAAAEMIAAAAA","Dr.       ","Danny               ","Ness                          ","Y",25,10,1955,"IRAQ",NULL,"Danny.Ness@CC8vAp.edu                             "
"AAAAAAAAEMNGBAAA","Mr.       ","Milton              ","Oakley                        ","Y",10,10,1976,"FINLAND",NULL,"Milton.Oakley@O4DHXT.com                          "
"AAAAAAAAEMPKAAAA","Sir       ","Gilbert             ","Palmer                        ","N",23,10,1933,"BRUNEI DARUSSALAM",NULL,"Gilbert.Palmer@7UYjIOOIg0.org                     "
"AAAAAAAAENFLAAAA","Sir       ","Joseph              ","Gaffney                       ","N",22,1,1967,"BULGARIA",NULL,"Joseph.Gaffney@nBDj.org                           "
"AAAAAAAAEPELAAAA","Dr.       ","Emily               ","Thomas                        ","Y",14,3,1981,"MOZAMBIQUE",NULL,"Emily.Thomas@qtJnzLvYcK598T.edu                   "
"AAAAAAAAFBLHAAAA","Mr.       ","Carter              ","Lombardo                      ","N",22,11,1950,"MONACO",NULL,"Carter.Lombardo@X.edu                             "
"AAAAAAAAFHODBAAA","Ms.       ","Diana               ","Hall                          ","N",14,7,1934,"LATVIA",NULL,"Diana.Hall@Be.com                                 "
"AAAAAAAAFLAJAAAA","Mr.       ","John                ","Hardy                         ","Y",4,9,1977,"ANGUILLA",NULL,"John.Hardy@LnaYnyZ9AYee.edu                       "
"AAAAAAAAFLDFBAAA","Mr.       ","Demetrius           ","Hunt                          ","N",30,8,1956,"ZAMBIA",NULL,"Demetrius.Hunt@J3.com                             "
"AAAAAAAAFMCFBAAA","Mrs.      ","Karen               ","Middleton                     ","Y",21,10,1934,"GUADELOUPE",NULL,"Karen.Middleton@q.com                             "
"AAAAAAAAFMENAAAA","Ms.       ","Anne                ","Jernigan                      ","Y",14,8,1952,"ITALY",NULL,"Anne.Jernigan@BBtNT7SneOEKG.edu                   "
"AAAAAAAAFMLEAAAA","Mr.       ","Gavin               ",NULL,NULL,21,NULL,1933,"BRAZIL",NULL,"Gavin.Maples@AT6ClrGUc79.com                      "
"AAAAAAAAFMPMAAAA","Sir       ","Jack                ","Thomas                        ","Y",12,1,1971,"ARMENIA",NULL,"Jack.Thomas@dn0mBXIEu7XPH.com                     "
"AAAAAAAAFNHBBAAA","Miss      ","Jennifer            ","Long                          ","Y",12,6,1984,"VENEZUELA",NULL,"Jennifer.Long@RyRC5oxxCoVPG.com                   "
"AAAAAAAAGAGEAAAA","Sir       ","Jeffrey             ","Cleveland                     ","N",2,8,1974,"GUADELOUPE",NULL,"Jeffrey.Cleveland@ijNnAoDZQajhuz.edu              "
"AAAAAAAAGCNPAAAA","Sir       ","Jack                ","Stewart                       ","N",19,12,1926,"SAN MARINO",NULL,"Jack.Stewart@G6N710E1oO.edu                       "
"AAAAAAAAGFKEAAAA","Dr.       ",NULL,"Brown                         ",NULL,NULL,4,1933,"ROMANIA",NULL,NULL
"AAAAAAAAGGBIBAAA","Dr.       ","Michael             ","Christiansen                  ","Y",4,3,1947,"ISRAEL",NULL,"Michael.Christiansen@kQmauEb.org                  "
"AAAAAAAAGHHEAAAA","Sir       ","Jerry               ","Glover                        ","Y",3,6,1942,"ANTIGUA AND BARBUDA",NULL,"Jerry.Glover@yCUI3N8C0o7LPvL.edu                  "
"AAAAAAAAGICFAAAA","Mr.       ","Charles             ","Sloan                         ","Y",8,4,1991,"KOREA, REPUBLIC OF",NULL,"Charles.Sloan@gnfGZRA0F.com                       "
"AAAAAAAAGIFHBAAA","Sir       ","Joe                 ","Jackson                       ","N",31,10,1969,"FRENCH POLYNESIA",NULL,"Joe.Jackson@eHmBJ4QqjNKJypF.com                   "
"AAAAAAAAGJEGBAAA","Dr.       ","Carlos              ","Hampton                       ","N",18,11,1947,"DOMINICA",NULL,"Carlos.Hampton@nrYQ8MXgIunX6gf.com                "
"AAAAAAAAGMDJAAAA","Dr.       ","Christopher         ","Payne                         ","Y",30,12,1958,"DJIBOUTI",NULL,"Christopher.Payne@R6POV.org                       "
"AAAAAAAAGOPMAAAA","Mrs.      ","Donna               ","West                          ","N",2,12,1977,"SOLOMON ISLANDS",NULL,"Donna.West@6Q.com                                 "
"AAAAAAAAHBBDBAAA","Mrs.      ",NULL,"Henry                         ","N",NULL,NULL,1948,"ARUBA",NULL,NULL
"AAAAAAAAHBBDBAAA","Mrs.      ",NULL,"Henry                         ","N",NULL,NULL,1948,"ARUBA",NULL,NULL
"AAAAAAAAHCJKAAAA","Ms.       ","Emma                ","Bailey                        ","N",2,10,1935,"LATVIA",NULL,"Emma.Bailey@beDlbUDUUcPhilRyy9.edu                "
"AAAAAAAAHGCHBAAA","Dr.       ","Thomas              ","Hull                          ","Y",24,2,1931,"DENMARK",NULL,"Thomas.Hull@XobY92y.com                           "
"AAAAAAAAHGIFAAAA","Sir       ","James               ","Turner                        ","N",25,10,1937,"JERSEY",NULL,"James.Turner@4RGTbOoV.org                         "
"AAAAAAAAHIIDBAAA","Mrs.      ","Andrew              ","Barrett                       ","Y",24,5,1992,"GUERNSEY",NULL,"Andrew.Barrett@i85phxAtKhZfES.com                 "
"AAAAAAAAHJOBAAAA","Mrs.      ","April               ","Wallace                       ","N",19,7,1930,"FIJI",NULL,"April.Wallace@9iuUi3U0K.edu                       "
"AAAAAAAAHMEFBAAA",NULL,"Joshua              ","Bruno                         ",NULL,1,11,NULL,NULL,NULL,"Joshua.Bruno@7Ds6hF5nMgOTel9.org                  "
"AAAAAAAAHMNNAAAA","Sir       ","Jeffery             ","Thomas                        ","Y",8,3,1929,"MONTSERRAT",NULL,"Jeffery.Thomas@Ld7t.org                           "
"AAAAAAAAICMGAAAA","Miss      ","Edith               ","Robinson                      ","Y",11,7,1967,"PUERTO RICO",NULL,"Edith.Robinson@zuf2DUz3bhKnEB.org                 "
"AAAAAAAAIGLCBAAA","Miss      ","Erika               ","Edmondson                     ","Y",1,8,1944,"DJIBOUTI",NULL,"Erika.Edmondson@BuAbOSrTiD06f.edu                 "
"AAAAAAAAIJGGBAAA","Ms.       ","Carolyn             ","Cardona                       ","N",15,9,1936,"BULGARIA",NULL,"Carolyn.Cardona@EhKjaAPoU8gf.edu                  "
"AAAAAAAAIMAHBAAA","Mrs.      ","Elizabeth           ","Guzman                        ","Y",19,9,1950,"GREECE",NULL,"Elizabeth.Guzman@4Rq0Cyh9c.edu                    "
"AAAAAAAAIMGFAAAA","Dr.       ","Paul                ","Powell                        ","Y",28,11,1935,"GREECE",NULL,"Paul.Powell@3EgM4I28gtaqb.org                     "
"AAAAAAAAIMJCBAAA","Dr.       ","Dennis              ","Brown                         ","Y",24,10,1978,"BULGARIA",NULL,"Dennis.Brown@fAvOOY4Q13dVdPfb.com                 "
"AAAAAAAAIMJCBAAA","Dr.       ","Dennis              ","Brown                         ","Y",24,10,1978,"BULGARIA",NULL,"Dennis.Brown@fAvOOY4Q13dVdPfb.com                 "
"AAAAAAAAIMPNAAAA","Sir       ","Charles             ","Chadwick                      ","N",21,1,1936,"ALAND ISLANDS",NULL,"Charles.Chadwick@ofbPzGan.org                     "
"AAAAAAAAIPHCAAAA","Mr.       ","Robert              ","Parham                        ","Y",9,2,1967,"ETHIOPIA",NULL,"Robert.Parham@0GnPcZbUE.org                       "
"AAAAAAAAJABDBAAA",NULL,NULL,NULL,NULL,9,6,1972,"TIMOR-LESTE",NULL,NULL
